WHO region	ITZ	COUNTRY/AREA/TERRITORY	COUNTRY_CODE	ORIGIN_SOURCE	ISO_YEAR	ISO_WEEK	ISO_SDATE	SPEC_RECEIVED_NB	SPEC_PROCESSED_NB	AH1	AH1N12009	AH3	AH5	ANOTSUBTYPED	INF_A	BVIC	BYAM	BNOTDETERMINED	INF_B	INF_ALL	INF_NEGATIVE	ILI_ACTIVITY
EMR	Western Asia	Saudi Arabia	SAU	SENTINEL	2015	6	2015-02-01T21:00:00.000Z	1	1												1	1
EMR	Western Asia	Saudi Arabia	SAU	SENTINEL	2016	36	2016-09-04T21:00:00.000Z	1	1												1	1
EMR	Western Asia	Saudi Arabia	SAU	SENTINEL	2016	52	2016-12-25T21:00:00.000Z	3	1												1	1
EMR	Western Asia	Saudi Arabia	SAU	SENTINEL	2017	1	2017-01-01T21:00:00.000Z	12	12												12	1
EMR	Western Asia	Saudi Arabia	SAU	SENTINEL	2017	2	2017-01-08T21:00:00.000Z	7	7												7	1
EMR	Western Asia	Saudi Arabia	SAU	SENTINEL	2017	3	2017-01-15T21:00:00.000Z	17	17									1	1	1	16	1
EMR	Western Asia	Saudi Arabia	SAU	SENTINEL	2017	4	2017-01-22T21:00:00.000Z	42	42		2				2			3	3	5	37	1
EMR	Western Asia	Saudi Arabia	SAU	SENTINEL	2017	5	2017-01-29T21:00:00.000Z	82	77					1	1					1	76	1
EMR	Western Asia	Saudi Arabia	SAU	SENTINEL	2017	6	2017-02-05T21:00:00.000Z	72	72					2	2			1	1	3	69	1
EMR	Western Asia	Saudi Arabia	SAU	SENTINEL	2017	7	2017-02-12T21:00:00.000Z	60	60		1			5	6			2	2	8	52	1
EMR	Western Asia	Saudi Arabia	SAU	SENTINEL	2017	8	2017-02-19T21:00:00.000Z	76	73		5			2	7			3	3	10	63	1
EMR	Western Asia	Saudi Arabia	SAU	SENTINEL	2017	9	2017-02-26T21:00:00.000Z	61	61		4			2	6			2	2	8	53	1
EMR	Western Asia	Saudi Arabia	SAU	SENTINEL	2017	10	2017-03-05T21:00:00.000Z	79	79		2			2	4			7	7	11	68	1
EMR	Western Asia	Saudi Arabia	SAU	SENTINEL	2017	11	2017-03-12T21:00:00.000Z	65	65		6			3	9					9	56	1
EMR	Western Asia	Saudi Arabia	SAU	SENTINEL	2017	12	2017-03-19T21:00:00.000Z	53	53		2			4	6					6	47	1
EMR	Western Asia	Saudi Arabia	SAU	SENTINEL	2017	13	2017-03-26T21:00:00.000Z	42	40					3	3			2	2	5	35	1
EMR	Western Asia	Saudi Arabia	SAU	SENTINEL	2017	14	2017-04-02T21:00:00.000Z	41	40					1	1			2	2	3	37	1
EMR	Western Asia	Saudi Arabia	SAU	SENTINEL	2017	15	2017-04-09T21:00:00.000Z	44	43					2	2			1	1	3	40	1
EMR	Western Asia	Saudi Arabia	SAU	SENTINEL	2017	16	2017-04-16T21:00:00.000Z	45	45					6	6			2	2	8	37	1
EMR	Western Asia	Saudi Arabia	SAU	SENTINEL	2017	17	2017-04-23T21:00:00.000Z	54	52		1			2	3			3	3	6	46	1
EMR	Western Asia	Saudi Arabia	SAU	SENTINEL	2017	18	2017-04-30T21:00:00.000Z	47	46		3			2	5			4	4	9	37	1
EMR	Western Asia	Saudi Arabia	SAU	SENTINEL	2017	19	2017-05-07T21:00:00.000Z	35	34		4			3	7			5	5	12	22	1
EMR	Western Asia	Saudi Arabia	SAU	SENTINEL	2017	20	2017-05-14T21:00:00.000Z	39	38		6			1	7			3	3	10	28	1
EMR	Western Asia	Saudi Arabia	SAU	SENTINEL	2017	21	2017-05-21T21:00:00.000Z	32	32		2				2			1	1	3	29	1
EMR	Western Asia	Saudi Arabia	SAU	SENTINEL	2017	22	2017-05-28T21:00:00.000Z	30	29		1			2	3					3	26	1
EMR	Western Asia	Saudi Arabia	SAU	SENTINEL	2017	23	2017-06-04T21:00:00.000Z	49	49		11			2	13			2	2	15	34	1
EMR	Western Asia	Saudi Arabia	SAU	SENTINEL	2017	24	2017-06-11T21:00:00.000Z	49	48		7			4	11			3	3	14	34	1
EMR	Western Asia	Saudi Arabia	SAU	SENTINEL	2017	25	2017-06-18T21:00:00.000Z	48	47		4			3	7			4	4	11	36	1
EMR	Western Asia	Saudi Arabia	SAU	SENTINEL	2017	26	2017-06-25T21:00:00.000Z	40	40		2			6	8			2	2	10	30	1
EMR	Western Asia	Saudi Arabia	SAU	SENTINEL	2017	27	2017-07-02T21:00:00.000Z	28	28		1			5	6			3	3	9	18	1
EMR	Western Asia	Saudi Arabia	SAU	SENTINEL	2017	28	2017-07-09T21:00:00.000Z	27	27		1			1	2			1	1	3	24	1
EMR	Western Asia	Saudi Arabia	SAU	SENTINEL	2017	29	2017-07-16T21:00:00.000Z	22	22					1	1			1	1	2	20	1
EMR	Western Asia	Saudi Arabia	SAU	SENTINEL	2017	30	2017-07-23T21:00:00.000Z	29	28					1	1			5	5	6	22	1
EMR	Western Asia	Saudi Arabia	SAU	SENTINEL	2017	31	2017-07-30T21:00:00.000Z	36	36					1	1			1	1	2	34	1
EMR	Western Asia	Saudi Arabia	SAU	SENTINEL	2017	32	2017-08-06T21:00:00.000Z	56	56					3	3			3	3	6	50	1
EMR	Western Asia	Saudi Arabia	SAU	SENTINEL	2017	33	2017-08-13T21:00:00.000Z	43	43		2			8	10			1	1	11	32	1
EMR	Western Asia	Saudi Arabia	SAU	SENTINEL	2017	34	2017-08-20T21:00:00.000Z	58	58		1			5	6			1	1	7	51	1
EMR	Western Asia	Saudi Arabia	SAU	SENTINEL	2017	35	2017-08-27T21:00:00.000Z	45	43		2			4	6					6	37	1
EMR	Western Asia	Saudi Arabia	SAU	SENTINEL	2017	36	2017-09-03T21:00:00.000Z	47	46		6			5	11					11	35	1
EMR	Western Asia	Saudi Arabia	SAU	SENTINEL	2017	37	2017-09-10T21:00:00.000Z	31	30		2			3	5					5	25	1
EMR	Western Asia	Saudi Arabia	SAU	SENTINEL	2017	38	2017-09-17T21:00:00.000Z	39	39		4			2	6					6	33	1
EMR	Western Asia	Saudi Arabia	SAU	SENTINEL	2017	39	2017-09-24T21:00:00.000Z	50	50		12				12			3	3	15	35	1
EMR	Western Asia	Saudi Arabia	SAU	SENTINEL	2017	40	2017-10-01T21:00:00.000Z	43	43		6			2	8			1	1	9	34	1
EMR	Western Asia	Saudi Arabia	SAU	SENTINEL	2017	41	2017-10-08T21:00:00.000Z	56	56		11			2	13			1	1	14	42	1
EMR	Western Asia	Saudi Arabia	SAU	SENTINEL	2017	42	2017-10-15T21:00:00.000Z	77	76		19			4	23					23	53	1
EMR	Western Asia	Saudi Arabia	SAU	SENTINEL	2017	43	2017-10-22T21:00:00.000Z	75	75		21			1	22			2	2	24	51	1
EMR	Western Asia	Saudi Arabia	SAU	SENTINEL	2017	44	2017-10-29T21:00:00.000Z	109	109		32			4	36			3	3	39	70	1
EMR	Western Asia	Saudi Arabia	SAU	SENTINEL	2017	45	2017-11-05T21:00:00.000Z	104	104		31			2	33			2	2	35	69	1
EMR	Western Asia	Saudi Arabia	SAU	SENTINEL	2017	46	2017-11-12T21:00:00.000Z	101	99		31			6	37			4	4	41	58	1
EMR	Western Asia	Saudi Arabia	SAU	SENTINEL	2017	47	2017-11-19T21:00:00.000Z	121	118		30			7	37			9	9	46	72	1
EMR	Western Asia	Saudi Arabia	SAU	SENTINEL	2017	48	2017-11-26T21:00:00.000Z	139	134		31			6	37			5	5	42	92	1
EMR	Western Asia	Saudi Arabia	SAU	SENTINEL	2017	49	2017-12-03T21:00:00.000Z	143	139		30			8	38			4	4	42	97	1
EMR	Western Asia	Saudi Arabia	SAU	SENTINEL	2017	50	2017-12-10T21:00:00.000Z	140	135		20			7	27			7	7	34	101	1
EMR	Western Asia	Saudi Arabia	SAU	SENTINEL	2017	51	2017-12-17T21:00:00.000Z	155	154		13			9	22			25	25	47	107	1
EMR	Western Asia	Saudi Arabia	SAU	SENTINEL	2017	52	2017-12-24T21:00:00.000Z	136	135		16			11	27			14	14	41	94	1
EMR	Western Asia	Saudi Arabia	SAU	SENTINEL	2018	1	2017-12-31T21:00:00.000Z	140	139		9			7	16			19	19	35	104	1
EMR	Western Asia	Saudi Arabia	SAU	SENTINEL	2018	2	2018-01-07T21:00:00.000Z	109	107		7			4	11			7	7	18	89	1
EMR	Western Asia	Saudi Arabia	SAU	SENTINEL	2018	3	2018-01-14T21:00:00.000Z	114	114		10			6	16			11	11	27	87	1
EMR	Western Asia	Saudi Arabia	SAU	SENTINEL	2018	4	2018-01-21T21:00:00.000Z	110	109		4			7	11			9	9	20	89	1
EMR	Western Asia	Saudi Arabia	SAU	SENTINEL	2018	5	2018-01-28T21:00:00.000Z	128	125		2			4	6			12	12	18	107	1
EMR	Western Asia	Saudi Arabia	SAU	SENTINEL	2018	6	2018-02-04T21:00:00.000Z	196	191		7			8	15			20	20	35	156	1
EMR	Western Asia	Saudi Arabia	SAU	SENTINEL	2018	7	2018-02-11T21:00:00.000Z	203	201		5			5	10			31	31	41	160	1
EMR	Western Asia	Saudi Arabia	SAU	SENTINEL	2018	8	2018-02-18T21:00:00.000Z	141	137		1			6	7			16	16	23	114	1
EMR	Western Asia	Saudi Arabia	SAU	SENTINEL	2018	9	2018-02-25T21:00:00.000Z	235	229					14	14			19	19	33	196	1
EMR	Western Asia	Saudi Arabia	SAU	SENTINEL	2018	10	2018-03-04T21:00:00.000Z	257	250		2			9	11			20	20	31	219	1
EMR	Western Asia	Saudi Arabia	SAU	SENTINEL	2018	11	2018-03-11T21:00:00.000Z	236	230		7			2	9			16	16	25	205	1
EMR	Western Asia	Saudi Arabia	SAU	SENTINEL	2018	12	2018-03-18T21:00:00.000Z	234	222		2			8	10			9	9	19	203	1
EMR	Western Asia	Saudi Arabia	SAU	SENTINEL	2018	13	2018-03-25T21:00:00.000Z	210	204		6			2	8			9	9	17	187	1
EMR	Western Asia	Saudi Arabia	SAU	SENTINEL	2018	14	2018-04-01T21:00:00.000Z	165	160		1			3	4			17	17	21	139	1
EMR	Western Asia	Saudi Arabia	SAU	SENTINEL	2018	15	2018-04-08T21:00:00.000Z	194	182					7	7			13	13	20	162	1
EMR	Western Asia	Saudi Arabia	SAU	SENTINEL	2018	16	2018-04-15T21:00:00.000Z	157	152		1			10	11			14	14	25	127	1
EMR	Western Asia	Saudi Arabia	SAU	SENTINEL	2018	17	2018-04-22T21:00:00.000Z	124	121					10	10			9	9	19	102	1
EMR	Western Asia	Saudi Arabia	SAU	SENTINEL	2018	18	2018-04-29T21:00:00.000Z	148	144		4			7	11			8	8	19	125	1
EMR	Western Asia	Saudi Arabia	SAU	SENTINEL	2018	19	2018-05-06T21:00:00.000Z	143	139		2			5	7			2	2	9	130	1
EMR	Western Asia	Saudi Arabia	SAU	SENTINEL	2018	20	2018-05-13T21:00:00.000Z	135	130		4			5	9			3	3	12	118	1
EMR	Western Asia	Saudi Arabia	SAU	SENTINEL	2018	21	2018-05-20T21:00:00.000Z	118	116		1			4	5			1	1	6	110	1
EMR	Western Asia	Saudi Arabia	SAU	SENTINEL	2018	22	2018-05-27T21:00:00.000Z	138	137		2			2	4			1	1	5	132	1
EMR	Western Asia	Saudi Arabia	SAU	SENTINEL	2018	23	2018-06-03T21:00:00.000Z	132	128		1			10	11			1	1	12	116	1
EMR	Western Asia	Saudi Arabia	SAU	SENTINEL	2018	24	2018-06-10T21:00:00.000Z	148	141		2			6	8			1	1	9	132	1
EMR	Western Asia	Saudi Arabia	SAU	SENTINEL	2018	25	2018-06-17T21:00:00.000Z	140	134		1			5	6			1	1	7	127	1
EMR	Western Asia	Saudi Arabia	SAU	SENTINEL	2018	26	2018-06-24T21:00:00.000Z	103	98		1			3	4			4	4	8	90	1
EMR	Western Asia	Saudi Arabia	SAU	SENTINEL	2018	27	2018-07-01T21:00:00.000Z	87	83					5	5					5	78	1
EMR	Western Asia	Saudi Arabia	SAU	SENTINEL	2018	28	2018-07-08T21:00:00.000Z	105	103					6	6					6	97	1
EMR	Western Asia	Saudi Arabia	SAU	SENTINEL	2018	29	2018-07-15T21:00:00.000Z	82	80		1			2	3					3	77	1
EMR	Western Asia	Saudi Arabia	SAU	SENTINEL	2018	30	2018-07-22T21:00:00.000Z	107	101					1	1					1	100	1
EMR	Western Asia	Saudi Arabia	SAU	SENTINEL	2018	31	2018-07-29T21:00:00.000Z	101	99		1				1			1	1	2	97	1
EMR	Western Asia	Saudi Arabia	SAU	SENTINEL	2018	32	2018-08-05T21:00:00.000Z	97	88		2			2	4					4	84	1
EMR	Western Asia	Saudi Arabia	SAU	SENTINEL	2018	33	2018-08-12T21:00:00.000Z	96	91					5	5			1	1	6	85	1
EMR	Western Asia	Saudi Arabia	SAU	SENTINEL	2018	34	2018-08-19T21:00:00.000Z	117	102		4			6	10			5	5	15	87	1
EMR	Western Asia	Saudi Arabia	SAU	SENTINEL	2018	35	2018-08-26T21:00:00.000Z	153	147		1			12	13			5	5	18	129	1
EMR	Western Asia	Saudi Arabia	SAU	SENTINEL	2018	36	2018-09-02T21:00:00.000Z	129	124		2			6	8			1	1	9	115	1
EMR	Western Asia	Saudi Arabia	SAU	SENTINEL	2018	37	2018-09-09T21:00:00.000Z	155	154		4			8	12					12	142	1
EMR	Western Asia	Saudi Arabia	SAU	SENTINEL	2018	38	2018-09-16T21:00:00.000Z	114	113		4			7	11			1	1	12	100	1
EMR	Western Asia	Saudi Arabia	SAU	SENTINEL	2018	39	2018-09-23T21:00:00.000Z	136	133					7	7			2	2	9	124	1
EMR	Western Asia	Saudi Arabia	SAU	SENTINEL	2018	40	2018-09-30T21:00:00.000Z	128	125		1			11	12			1	1	13	112	1
EMR	Western Asia	Saudi Arabia	SAU	SENTINEL	2018	41	2018-10-07T21:00:00.000Z	138	136		7			10	17			7	7	24	112	1
EMR	Western Asia	Saudi Arabia	SAU	SENTINEL	2018	42	2018-10-14T21:00:00.000Z	172	171		16			24	40			3	3	43	128	1
EMR	Western Asia	Saudi Arabia	SAU	SENTINEL	2018	43	2018-10-21T21:00:00.000Z	185	176		16			18	34			8	8	42	134	1
EMR	Western Asia	Saudi Arabia	SAU	SENTINEL	2018	44	2018-10-28T21:00:00.000Z	228	226		7			24	31			3	3	34	192	1
EMR	Western Asia	Saudi Arabia	SAU	SENTINEL	2018	45	2018-11-04T21:00:00.000Z	237	233		13			23	36			7	7	43	190	1
EMR	Western Asia	Saudi Arabia	SAU	SENTINEL	2018	46	2018-11-11T21:00:00.000Z	257	254		16			31	47			10	10	57	197	1
EMR	Western Asia	Saudi Arabia	SAU	SENTINEL	2018	47	2018-11-18T21:00:00.000Z	320	315		28			51	79			5	5	84	231	1
EMR	Western Asia	Saudi Arabia	SAU	SENTINEL	2018	48	2018-11-25T21:00:00.000Z	292	282		16			22	38			3	3	41	241	1
EMR	Western Asia	Saudi Arabia	SAU	SENTINEL	2018	49	2018-12-02T21:00:00.000Z	335	326		29			26	55			5	5	60	266	1
EMR	Western Asia	Saudi Arabia	SAU	SENTINEL	2018	50	2018-12-09T21:00:00.000Z	309	304		21			25	46			4	4	50	254	1
EMR	Western Asia	Saudi Arabia	SAU	SENTINEL	2018	51	2018-12-16T21:00:00.000Z	270	268		7			23	30			9	9	39	229	1
EMR	Western Asia	Saudi Arabia	SAU	SENTINEL	2018	52	2018-12-23T21:00:00.000Z	244	235		8			19	27			4	4	31	204	1
EMR	Western Asia	Saudi Arabia	SAU	SENTINEL	2019	1	2018-12-30T21:00:00.000Z	310	309		15			21	36			6	6	42	267	1
EMR	Western Asia	Saudi Arabia	SAU	SENTINEL	2019	2	2019-01-06T21:00:00.000Z	244	240		13			18	31			6	6	37	203	1
EMR	Western Asia	Saudi Arabia	SAU	SENTINEL	2019	3	2019-01-13T21:00:00.000Z	316	305		27			13	40			6	6	46	259	1
EMR	Western Asia	Saudi Arabia	SAU	SENTINEL	2019	4	2019-01-20T21:00:00.000Z	277	273		25			15	40			4	4	44	228	1
EMR	Western Asia	Saudi Arabia	SAU	SENTINEL	2019	5	2019-01-27T21:00:00.000Z	344	336		19			26	45			9	9	54	282	1
EMR	Western Asia	Saudi Arabia	SAU	SENTINEL	2019	6	2019-02-03T21:00:00.000Z	350	344		24			10	34			16	16	50	294	1
EMR	Western Asia	Saudi Arabia	SAU	SENTINEL	2019	7	2019-02-10T21:00:00.000Z	336	334		21			15	36			15	15	51	283	1
EMR	Western Asia	Saudi Arabia	SAU	SENTINEL	2019	8	2019-02-17T21:00:00.000Z	355	340		20			21	41			15	15	56	283	1
EMR	Western Asia	Saudi Arabia	SAU	SENTINEL	2019	9	2019-02-24T21:00:00.000Z	408	398		29			20	49			17	17	66	332	1
EMR	Western Asia	Saudi Arabia	SAU	SENTINEL	2019	10	2019-03-03T21:00:00.000Z	336	333		18			14	32			25	25	57	276	1
EMR	Western Asia	Saudi Arabia	SAU	SENTINEL	2019	11	2019-03-10T21:00:00.000Z	339	330		22			15	37			24	24	61	269	1
EMR	Western Asia	Saudi Arabia	SAU	SENTINEL	2019	12	2019-03-17T21:00:00.000Z	341	336		28			12	40			25	25	65	271	1
EMR	Western Asia	Saudi Arabia	SAU	SENTINEL	2019	13	2019-03-24T21:00:00.000Z	293	289		22			16	38			21	21	59	230	1
EMR	Western Asia	Saudi Arabia	SAU	SENTINEL	2019	14	2019-03-31T21:00:00.000Z	331	322		18			21	39			22	22	61	261	1
EMR	Western Asia	Saudi Arabia	SAU	SENTINEL	2019	15	2019-04-07T21:00:00.000Z	305	298		36			8	44			26	26	70	228	1
EMR	Western Asia	Saudi Arabia	SAU	SENTINEL	2019	16	2019-04-14T21:00:00.000Z	303	299		19			9	28			22	22	50	249	1
EMR	Western Asia	Saudi Arabia	SAU	SENTINEL	2019	17	2019-04-21T21:00:00.000Z	266	263		15			5	20			20	20	40	222	1
EMR	Western Asia	Saudi Arabia	SAU	SENTINEL	2019	18	2019-04-28T21:00:00.000Z	255	249		17			6	23			5	5	28	221	1
EMR	Western Asia	Saudi Arabia	SAU	SENTINEL	2019	19	2019-05-05T21:00:00.000Z	207	201		8			10	18			9	9	27	174	1
EMR	Western Asia	Saudi Arabia	SAU	SENTINEL	2019	20	2019-05-12T21:00:00.000Z	191	190		8			6	14			7	7	21	169	1
EMR	Western Asia	Saudi Arabia	SAU	SENTINEL	2019	21	2019-05-19T21:00:00.000Z	221	216		10			8	18			8	8	26	190	1
EMR	Western Asia	Saudi Arabia	SAU	SENTINEL	2019	22	2019-05-26T21:00:00.000Z	193	190		13			4	17			1	1	18	172	1
EMR	Western Asia	Saudi Arabia	SAU	SENTINEL	2019	23	2019-06-02T21:00:00.000Z	181	177		7			4	11			7	7	18	159	1
EMR	Western Asia	Saudi Arabia	SAU	SENTINEL	2019	24	2019-06-09T21:00:00.000Z	218	217		9			2	11			7	7	18	199	1
EMR	Western Asia	Saudi Arabia	SAU	SENTINEL	2019	25	2019-06-16T21:00:00.000Z	187	186		7			3	10			6	6	16	170	1
EMR	Western Asia	Saudi Arabia	SAU	SENTINEL	2019	26	2019-06-23T21:00:00.000Z	137	136		1				1			8	8	9	127	1
EMR	Western Asia	Saudi Arabia	SAU	SENTINEL	2019	27	2019-06-30T21:00:00.000Z	160	154									4	4	4	150	1
EMR	Western Asia	Saudi Arabia	SAU	SENTINEL	2019	28	2019-07-07T21:00:00.000Z	150	147									2	2	2	145	1
EMR	Western Asia	Saudi Arabia	SAU	SENTINEL	2019	29	2019-07-14T21:00:00.000Z	155	153		2				2			3	3	5	148	1
EMR	Western Asia	Saudi Arabia	SAU	SENTINEL	2019	30	2019-07-21T21:00:00.000Z	170	163		3			2	5			1	1	6	157	1
EMR	Western Asia	Saudi Arabia	SAU	SENTINEL	2019	31	2019-07-28T21:00:00.000Z	151	147		3				3			1	1	4	143	1
EMR	Western Asia	Saudi Arabia	SAU	SENTINEL	2019	32	2019-08-04T21:00:00.000Z	168	165		12			4	16			1	1	17	148	1
EMR	Western Asia	Saudi Arabia	SAU	SENTINEL	2019	33	2019-08-11T21:00:00.000Z	315	286		35			6	41			9	9	50	236	1
EMR	Western Asia	Saudi Arabia	SAU	SENTINEL	2019	34	2019-08-18T21:00:00.000Z	217	210		21			5	26			2	2	28	182	1
EMR	Western Asia	Saudi Arabia	SAU	SENTINEL	2019	35	2019-08-25T21:00:00.000Z	166	165		13			5	18			1	1	19	146	1
EMR	Western Asia	Saudi Arabia	SAU	SENTINEL	2019	36	2019-09-01T21:00:00.000Z	180	178		11			4	15			4	4	19	159	1
EMR	Western Asia	Saudi Arabia	SAU	SENTINEL	2019	37	2019-09-08T21:00:00.000Z	162	158		14			2	16			2	2	18	140	1
EMR	Western Asia	Saudi Arabia	SAU	SENTINEL	2019	38	2019-09-15T21:00:00.000Z	151	149		11	1		4	16			4	4	20	129	1
EMR	Western Asia	Saudi Arabia	SAU	SENTINEL	2019	39	2019-09-22T21:00:00.000Z	227	221		10			4	14			10	10	24	197	1
EMR	Western Asia	Saudi Arabia	SAU	SENTINEL	2019	40	2019-09-29T21:00:00.000Z	201	194		10			6	16			13	13	29	165	1
EMR	Western Asia	Saudi Arabia	SAU	SENTINEL	2019	41	2019-10-06T21:00:00.000Z	170	167		15			4	19			19	19	38	129	1
EMR	Western Asia	Saudi Arabia	SAU	SENTINEL	2019	42	2019-10-13T21:00:00.000Z	218	214		17			16	33			18	18	51	163	1
EMR	Western Asia	Saudi Arabia	SAU	SENTINEL	2019	43	2019-10-20T21:00:00.000Z	261	256		29			31	60			22	22	82	174	1
EMR	Western Asia	Saudi Arabia	SAU	SENTINEL	2019	44	2019-10-27T21:00:00.000Z	315	304		31			48	79			19	19	98	206	1
EMR	Western Asia	Saudi Arabia	SAU	SENTINEL	2019	45	2019-11-03T21:00:00.000Z	318	311		31			54	85			25	25	110	201	1
EMR	Western Asia	Saudi Arabia	SAU	SENTINEL	2019	46	2019-11-10T21:00:00.000Z	376	367		47			65	112			25	25	137	230	1
EMR	Western Asia	Saudi Arabia	SAU	SENTINEL	2019	47	2019-11-17T21:00:00.000Z	390	378		37			56	93			26	26	119	259	1
EMR	Western Asia	Saudi Arabia	SAU	SENTINEL	2019	48	2019-11-24T21:00:00.000Z	381	371		53			39	92			25	25	117	254	1
EMR	Western Asia	Saudi Arabia	SAU	SENTINEL	2019	49	2019-12-01T21:00:00.000Z	375	367		42			54	96			27	27	123	244	1
EMR	Western Asia	Saudi Arabia	SAU	SENTINEL	2019	50	2019-12-08T21:00:00.000Z	368	356		30			26	56			22	22	78	278	1
EMR	Western Asia	Saudi Arabia	SAU	SENTINEL	2019	51	2019-12-15T21:00:00.000Z	429	418		44			35	79			17	17	96	322	1
EMR	Western Asia	Saudi Arabia	SAU	SENTINEL	2019	52	2019-12-22T21:00:00.000Z	342	331		31			33	64			11	11	75	255	1
EMR	Western Asia	Saudi Arabia	SAU	SENTINEL	2020	1	2019-12-29T21:00:00.000Z	313	305		24			26	50			10	10	60	245	1
EMR	Western Asia	Saudi Arabia	SAU	SENTINEL	2020	2	2020-01-05T21:00:00.000Z	309	297		29			15	44			8	8	52	245	1
EMR	Western Asia	Saudi Arabia	SAU	SENTINEL	2020	3	2020-01-12T21:00:00.000Z	322	312		18			11	29			5	5	34	278	1
EMR	Western Asia	Saudi Arabia	SAU	SENTINEL	2020	4	2020-01-19T21:00:00.000Z	344	324		23			16	39			8	8	47	277	1
EMR	Western Asia	Saudi Arabia	SAU	SENTINEL	2020	5	2020-01-26T21:00:00.000Z	359	342		30			12	42			16	16	58	284	1
EMR	Western Asia	Saudi Arabia	SAU	SENTINEL	2020	6	2020-02-02T21:00:00.000Z	304	288		14			13	27			7	7	34	254	1
EMR	Western Asia	Saudi Arabia	SAU	SENTINEL	2020	7	2020-02-09T21:00:00.000Z	342	328		12			12	24			8	8	32	296	1
EMR	Western Asia	Saudi Arabia	SAU	SENTINEL	2020	8	2020-02-16T21:00:00.000Z	336	323		23			7	30			9	9	39	283	1
EMR	Western Asia	Saudi Arabia	SAU	SENTINEL	2020	9	2020-02-23T21:00:00.000Z	354	327		22			9	31			10	10	41	285	1
EMR	Western Asia	Saudi Arabia	SAU	SENTINEL	2020	10	2020-03-01T21:00:00.000Z	388	354		20			14	34			14	14	48	306	1
EMR	Western Asia	Saudi Arabia	SAU	SENTINEL	2020	11	2020-03-08T21:00:00.000Z	424	344	2	5			7	14			21	21	35	311	1
EMR	Western Asia	Saudi Arabia	SAU	SENTINEL	2020	12	2020-03-15T21:00:00.000Z	355	214									12	12	12	202	1
EMR	Western Asia	Saudi Arabia	SAU	SENTINEL	2020	13	2020-03-22T21:00:00.000Z	216	92												92	1
EMR	Western Asia	Saudi Arabia	SAU	SENTINEL	2020	14	2020-03-29T21:00:00.000Z	105	22												22	1
EMR	Western Asia	Saudi Arabia	SAU	SENTINEL	2020	15	2020-04-05T21:00:00.000Z	73	12												12	1
EMR	Western Asia	Saudi Arabia	SAU	SENTINEL	2020	16	2020-04-12T21:00:00.000Z	40	18												18	1
EMR	Western Asia	Saudi Arabia	SAU	SENTINEL	2020	17	2020-04-19T21:00:00.000Z	30	15												15	1
EMR	Western Asia	Saudi Arabia	SAU	SENTINEL	2020	18	2020-04-26T21:00:00.000Z	8	4												4	1
EMR	Western Asia	Saudi Arabia	SAU	SENTINEL	2020	19	2020-05-03T21:00:00.000Z	4	2												2	1
EMR	Western Asia	Saudi Arabia	SAU	SENTINEL	2020	20	2020-05-10T21:00:00.000Z	12	9												9	1
EMR	Western Asia	Saudi Arabia	SAU	SENTINEL	2020	21	2020-05-17T21:00:00.000Z	10	6												6	1
EMR	Western Asia	Saudi Arabia	SAU	SENTINEL	2020	22	2020-05-24T21:00:00.000Z	12	7												7	1
EMR	Western Asia	Saudi Arabia	SAU	SENTINEL	2020	23	2020-05-31T21:00:00.000Z	11	6												6	1
EMR	Western Asia	Saudi Arabia	SAU	SENTINEL	2020	24	2020-06-07T21:00:00.000Z	3	3												3	1
EMR	Western Asia	Saudi Arabia	SAU	SENTINEL	2020	25	2020-06-14T21:00:00.000Z	4	2												2	1
EMR	Western Asia	Saudi Arabia	SAU	SENTINEL	2020	26	2020-06-21T21:00:00.000Z	2	1												1	1
EMR	Western Asia	Saudi Arabia	SAU	SENTINEL	2020	27	2020-06-28T21:00:00.000Z	3	3												3	1
EMR	Western Asia	Saudi Arabia	SAU	SENTINEL	2020	28	2020-07-05T21:00:00.000Z	3	2												2	1
EMR	Western Asia	Saudi Arabia	SAU	SENTINEL	2020	29	2020-07-12T21:00:00.000Z	1	1												1	1
EMR	Western Asia	Saudi Arabia	SAU	SENTINEL	2020	30	2020-07-19T21:00:00.000Z	1														1
EMR	Western Asia	Saudi Arabia	SAU	SENTINEL	2020	31	2020-07-26T21:00:00.000Z	1														1
EMR	Western Asia	Saudi Arabia	SAU	SENTINEL	2020	33	2020-08-09T21:00:00.000Z	1	1												1	1
EMR	Western Asia	Saudi Arabia	SAU	SENTINEL	2020	36	2020-08-30T21:00:00.000Z	1	1												1	1
EMR	Western Asia	Saudi Arabia	SAU	SENTINEL	2020	37	2020-09-06T21:00:00.000Z	2	1												1	1
EMR	Western Asia	Saudi Arabia	SAU	SENTINEL	2020	38	2020-09-13T21:00:00.000Z	1	1												1	1
EMR	Western Asia	Saudi Arabia	SAU	SENTINEL	2020	39	2020-09-20T21:00:00.000Z	2	2												2	1
EMR	Western Asia	Saudi Arabia	SAU	SENTINEL	2020	40	2020-09-27T21:00:00.000Z	5	4									1	1	1	3	1
EMR	Western Asia	Saudi Arabia	SAU	SENTINEL	2020	41	2020-10-04T21:00:00.000Z	22	15												15	1
EMR	Western Asia	Saudi Arabia	SAU	SENTINEL	2020	42	2020-10-11T21:00:00.000Z	22	16												16	1
EMR	Western Asia	Saudi Arabia	SAU	SENTINEL	2020	43	2020-10-18T21:00:00.000Z	70	64												64	1
EMR	Western Asia	Saudi Arabia	SAU	SENTINEL	2020	44	2020-10-25T21:00:00.000Z	279	252									4	4	4	248	1
EMR	Western Asia	Saudi Arabia	SAU	SENTINEL	2020	45	2020-11-01T21:00:00.000Z	359	309									2	2	2	307	1
EMR	Western Asia	Saudi Arabia	SAU	SENTINEL	2020	46	2020-11-08T21:00:00.000Z	424	379									9	9	9	370	1
EMR	Western Asia	Saudi Arabia	SAU	SENTINEL	2020	47	2020-11-15T21:00:00.000Z	357	338									6	6	6	332	1
EMR	Western Asia	Saudi Arabia	SAU	SENTINEL	2020	48	2020-11-22T21:00:00.000Z	295	266		1				1			2	2	3	263	1
EMR	Western Asia	Saudi Arabia	SAU	SENTINEL	2020	49	2020-11-29T21:00:00.000Z	224	211		1				1			1	1	2	209	1
EMR	Western Asia	Saudi Arabia	SAU	SENTINEL	2020	50	2020-12-06T21:00:00.000Z	232	215									2	2	2	213	1
EMR	Western Asia	Saudi Arabia	SAU	SENTINEL	2020	51	2020-12-13T21:00:00.000Z	299	261									1	1	1	260	1
EMR	Western Asia	Saudi Arabia	SAU	SENTINEL	2020	52	2020-12-20T21:00:00.000Z	286	254									3	3	3	251	1
EMR	Western Asia	Saudi Arabia	SAU	SENTINEL	2020	53	2020-12-27T21:00:00.000Z	282	254									3	3	3	251	1
EMR	Western Asia	Saudi Arabia	SAU	SENTINEL	2021	1	2021-01-03T21:00:00.000Z	289	247									2	2	2	245	1
EMR	Western Asia	Saudi Arabia	SAU	SENTINEL	2021	2	2021-01-10T21:00:00.000Z	258	232					1	1			6	6	7	225	1
EMR	Western Asia	Saudi Arabia	SAU	SENTINEL	2021	3	2021-01-17T21:00:00.000Z	338	298									3	3	3	295	1
EMR	Western Asia	Saudi Arabia	SAU	SENTINEL	2021	4	2021-01-24T21:00:00.000Z	270	249									4	4	4	245	1
EMR	Western Asia	Saudi Arabia	SAU	SENTINEL	2021	5	2021-01-31T21:00:00.000Z	317	286									1	1	1	285	1
EMR	Western Asia	Saudi Arabia	SAU	SENTINEL	2021	6	2021-02-07T21:00:00.000Z	300	273					1	1			5	5	6	267	1
EMR	Western Asia	Saudi Arabia	SAU	SENTINEL	2021	7	2021-02-14T21:00:00.000Z	253	233									3	3	3	230	1
EMR	Western Asia	Saudi Arabia	SAU	SENTINEL	2021	8	2021-02-21T21:00:00.000Z	230	218									4	4	4	214	1
EMR	Western Asia	Saudi Arabia	SAU	SENTINEL	2021	9	2021-02-28T21:00:00.000Z	208	190									1	1	1	189	1
EMR	Western Asia	Saudi Arabia	SAU	SENTINEL	2021	10	2021-03-07T21:00:00.000Z	224	201									1	1	1	200	1
EMR	Western Asia	Saudi Arabia	SAU	SENTINEL	2021	11	2021-03-14T21:00:00.000Z	198	184		1				1			1	1	2	182	1
EMR	Western Asia	Saudi Arabia	SAU	SENTINEL	2021	12	2021-03-21T21:00:00.000Z	153	141												141	1
EMR	Western Asia	Saudi Arabia	SAU	SENTINEL	2021	13	2021-03-28T21:00:00.000Z	224	207												207	1
EMR	Western Asia	Saudi Arabia	SAU	SENTINEL	2021	14	2021-04-04T21:00:00.000Z	181	159									1	1	1	158	1
EMR	Western Asia	Saudi Arabia	SAU	SENTINEL	2021	15	2021-04-11T21:00:00.000Z	107	95												95	1
EMR	Western Asia	Saudi Arabia	SAU	SENTINEL	2021	16	2021-04-18T21:00:00.000Z	101	94												94	1
EMR	Western Asia	Saudi Arabia	SAU	SENTINEL	2021	17	2021-04-25T21:00:00.000Z	88	75												75	1
EMR	Western Asia	Saudi Arabia	SAU	SENTINEL	2021	18	2021-05-02T21:00:00.000Z	79	65												65	1
EMR	Western Asia	Saudi Arabia	SAU	SENTINEL	2021	19	2021-05-09T21:00:00.000Z	61	54												54	1
EMR	Western Asia	Saudi Arabia	SAU	SENTINEL	2021	20	2021-05-16T21:00:00.000Z	71	61												61	1
EMR	Western Asia	Saudi Arabia	SAU	SENTINEL	2021	21	2021-05-23T21:00:00.000Z	103	90												90	1
EMR	Western Asia	Saudi Arabia	SAU	SENTINEL	2021	22	2021-05-30T21:00:00.000Z	83	77									1	1	1	76	1
EMR	Western Asia	Saudi Arabia	SAU	SENTINEL	2021	23	2021-06-06T21:00:00.000Z	123	95									4	4	4	91	1
EMR	Western Asia	Saudi Arabia	SAU	SENTINEL	2021	24	2021-06-13T21:00:00.000Z	114	100									5	5	5	94	1
EMR	Western Asia	Saudi Arabia	SAU	SENTINEL	2021	25	2021-06-20T21:00:00.000Z	110	84									14	14	14	66	1
EMR	Western Asia	Saudi Arabia	SAU	SENTINEL	2021	26	2021-06-27T21:00:00.000Z	139	98									18	18	18	74	1
EMR	Western Asia	Saudi Arabia	SAU	SENTINEL	2021	27	2021-07-04T21:00:00.000Z	89	79									6	6	6	73	1
EMR	Western Asia	Saudi Arabia	SAU	SENTINEL	2021	28	2021-07-11T21:00:00.000Z	67	60									3	3	3	57	1
EMR	Western Asia	Saudi Arabia	SAU	SENTINEL	2021	29	2021-07-18T21:00:00.000Z	76	70									1	1	1	69	1
EMR	Western Asia	Saudi Arabia	SAU	SENTINEL	2021	30	2021-07-25T21:00:00.000Z	87	77					1	1			2	2	3	74	1
EMR	Western Asia	Saudi Arabia	SAU	SENTINEL	2021	31	2021-08-01T21:00:00.000Z	95	71												71	1
EMR	Western Asia	Saudi Arabia	SAU	SENTINEL	2021	32	2021-08-08T21:00:00.000Z	119	94									1	1	1	93	1
EMR	Western Asia	Saudi Arabia	SAU	SENTINEL	2021	33	2021-08-15T21:00:00.000Z	115	92												92	1
EMR	Western Asia	Saudi Arabia	SAU	SENTINEL	2021	34	2021-08-22T21:00:00.000Z	99	73												73	1
EMR	Western Asia	Saudi Arabia	SAU	SENTINEL	2021	35	2021-08-29T21:00:00.000Z	98	92												92	1
EMR	Western Asia	Saudi Arabia	SAU	SENTINEL	2021	36	2021-09-05T21:00:00.000Z	97	78					1	1			1	1	2	76	1
EMR	Western Asia	Saudi Arabia	SAU	SENTINEL	2021	37	2021-09-12T21:00:00.000Z	114	93					1	1			2	2	3	90	1
EMR	Western Asia	Saudi Arabia	SAU	SENTINEL	2021	38	2021-09-19T21:00:00.000Z	95	81					1	1			1	1	2	79	1
EMR	Western Asia	Saudi Arabia	SAU	SENTINEL	2021	39	2021-09-26T21:00:00.000Z	78	72					3	3					3	69	1
EMR	Western Asia	Saudi Arabia	SAU	SENTINEL	2021	40	2021-10-03T21:00:00.000Z	126	114					5	5					5	109	1
EMR	Western Asia	Saudi Arabia	SAU	SENTINEL	2021	41	2021-10-10T21:00:00.000Z	123	105					4	4					4	101	1
EMR	Western Asia	Saudi Arabia	SAU	SENTINEL	2021	42	2021-10-17T21:00:00.000Z	139	121					3	3					3	118	1
EMR	Western Asia	Saudi Arabia	SAU	SENTINEL	2021	43	2021-10-24T21:00:00.000Z	126	107		1	1		2	4					4	103	1
EMR	Western Asia	Saudi Arabia	SAU	SENTINEL	2021	44	2021-10-31T21:00:00.000Z	127	114			1		9	10					10	104	1
EMR	Western Asia	Saudi Arabia	SAU	SENTINEL	2021	45	2021-11-07T21:00:00.000Z	182	162			3		8	11			1	1	12	148	1
EMR	Western Asia	Saudi Arabia	SAU	SENTINEL	2021	46	2021-11-14T21:00:00.000Z	154	134			2		16	18			1	1	19	115	1
EMR	Western Asia	Saudi Arabia	SAU	SENTINEL	2021	47	2021-11-21T21:00:00.000Z	201	186			3		13	16			2	2	18	168	1
EMR	Western Asia	Saudi Arabia	SAU	SENTINEL	2021	48	2021-11-28T21:00:00.000Z	177	157			2		10	12			2	2	14	142	1
EMR	Western Asia	Saudi Arabia	SAU	SENTINEL	2021	49	2021-12-05T21:00:00.000Z	182	156		3	1		7	11			1	1	12	144	1
EMR	Western Asia	Saudi Arabia	SAU	SENTINEL	2021	50	2021-12-12T21:00:00.000Z	224	209			3		8	11			5	5	16	193	1
EMR	Western Asia	Saudi Arabia	SAU	SENTINEL	2021	51	2021-12-19T21:00:00.000Z	170	156					10	10			1	1	11	145	1
EMR	Western Asia	Saudi Arabia	SAU	SENTINEL	2021	52	2021-12-26T21:00:00.000Z	180	167		1			4	5			1	1	6	160	1
EMR	Western Asia	Saudi Arabia	SAU	SENTINEL	2022	1	2022-01-02T21:00:00.000Z	126	121					3	3			2	2	5	116	1
EMR	Western Asia	Saudi Arabia	SAU	SENTINEL	2022	2	2022-01-09T21:00:00.000Z	111	105					6	6			1	1	7	98	1
EMR	Western Asia	Saudi Arabia	SAU	SENTINEL	2022	3	2022-01-16T21:00:00.000Z	126	109					4	4					4	105	1
EMR	Western Asia	Saudi Arabia	SAU	SENTINEL	2022	4	2022-01-23T21:00:00.000Z	91	81									2	2	2	79	1
EMR	Western Asia	Saudi Arabia	SAU	SENTINEL	2022	5	2022-01-30T21:00:00.000Z	116	99					1	1			1	1	2	97	1
EMR	Western Asia	Saudi Arabia	SAU	SENTINEL	2022	6	2022-02-06T21:00:00.000Z	92	82												82	1
EMR	Western Asia	Saudi Arabia	SAU	SENTINEL	2022	7	2022-02-13T21:00:00.000Z	83	73					1	1					1	72	1
EMR	Western Asia	Saudi Arabia	SAU	SENTINEL	2022	8	2022-02-20T21:00:00.000Z	77	72					1	1			2	2	3	69	1
EMR	Western Asia	Saudi Arabia	SAU	SENTINEL	2022	9	2022-02-27T21:00:00.000Z	67	49									1	1	1	48	1
EMR	Western Asia	Saudi Arabia	SAU	SENTINEL	2022	10	2022-03-06T21:00:00.000Z	76	65									3	3	3	62	1
EMR	Western Asia	Saudi Arabia	SAU	SENTINEL	2022	11	2022-03-13T21:00:00.000Z	56	48												48	1
EMR	Western Asia	Saudi Arabia	SAU	SENTINEL	2022	12	2022-03-20T21:00:00.000Z	65	60									2	2	2	58	1
EMR	Western Asia	Saudi Arabia	SAU	SENTINEL	2022	13	2022-03-27T21:00:00.000Z	42	37					1	1					1	36	1
EMR	Western Asia	Saudi Arabia	SAU	SENTINEL	2022	14	2022-04-03T21:00:00.000Z	57	52		1				1			1	1	2	50	1
EMR	Western Asia	Saudi Arabia	SAU	SENTINEL	2022	15	2022-04-10T21:00:00.000Z	91	80	1	3			2	6			3	3	9	72	1
EMR	Western Asia	Saudi Arabia	SAU	SENTINEL	2022	16	2022-04-17T21:00:00.000Z	86	76		1				1					1	75	1
EMR	Western Asia	Saudi Arabia	SAU	SENTINEL	2022	17	2022-04-24T21:00:00.000Z	71	50									2	2	2	48	1
EMR	Western Asia	Saudi Arabia	SAU	SENTINEL	2022	18	2022-05-01T21:00:00.000Z	49	42					1	1					1	41	1
EMR	Western Asia	Saudi Arabia	SAU	SENTINEL	2022	19	2022-05-08T21:00:00.000Z	101	86		2			2	4			2	2	6	80	1
EMR	Western Asia	Saudi Arabia	SAU	SENTINEL	2022	20	2022-05-15T21:00:00.000Z	80	68			3		4	7			2	2	9	59	1
EMR	Western Asia	Saudi Arabia	SAU	SENTINEL	2022	21	2022-05-22T21:00:00.000Z	101	88	1	1	7		8	17			3	3	20	69	1
EMR	Western Asia	Saudi Arabia	SAU	SENTINEL	2022	22	2022-05-29T21:00:00.000Z	127	119			11		8	19	1		1	2	21	98	1
EMR	Western Asia	Saudi Arabia	SAU	SENTINEL	2022	23	2022-06-05T21:00:00.000Z	239	225		15	25		9	49			1	1	50	175	1
EMR	Western Asia	Saudi Arabia	SAU	SENTINEL	2022	24	2022-06-12T21:00:00.000Z	277	267		1	13		8	22	3		7	10	32	235	1
EMR	Western Asia	Saudi Arabia	SAU	SENTINEL	2022	25	2022-06-19T21:00:00.000Z	308	284			10		7	17	1		5	6	23	261	1
EMR	Western Asia	Saudi Arabia	SAU	SENTINEL	2022	26	2022-06-26T21:00:00.000Z	339	313			2		7	9			10	10	19	294	1
EMR	Western Asia	Saudi Arabia	SAU	SENTINEL	2022	27	2022-07-03T21:00:00.000Z	176	169					2	2			5	5	7	162	1
EMR	Western Asia	Saudi Arabia	SAU	SENTINEL	2022	28	2022-07-10T21:00:00.000Z	214	187					5	5	2		6	8	13	174	1
EMR	Western Asia	Saudi Arabia	SAU	SENTINEL	2022	29	2022-07-17T21:00:00.000Z	265	241					3	3	1		4	5	8	233	1
EMR	Western Asia	Saudi Arabia	SAU	SENTINEL	2022	30	2022-07-24T21:00:00.000Z	131	111		1				1			3	3	4	107	1
EMR	Western Asia	Saudi Arabia	SAU	SENTINEL	2022	31	2022-07-31T21:00:00.000Z	88	69							1		2	3	3	66	1
EMR	Western Asia	Saudi Arabia	SAU	SENTINEL	2022	32	2022-08-07T21:00:00.000Z	97	88			1			1	1		4	5	6	82	1
EMR	Western Asia	Saudi Arabia	SAU	SENTINEL	2022	33	2022-08-14T21:00:00.000Z	176	159					3	3	4		18	22	25	134	1
EMR	Western Asia	Saudi Arabia	SAU	SENTINEL	2022	34	2022-08-21T21:00:00.000Z	146	133							5		14	19	19	114	1
EMR	Western Asia	Saudi Arabia	SAU	SENTINEL	2022	35	2022-08-28T21:00:00.000Z	169	162							4		12	16	16	146	1
EMR	Western Asia	Saudi Arabia	SAU	SENTINEL	2022	36	2022-09-04T21:00:00.000Z	186	168							5		9	14	14	154	1
EMR	Western Asia	Saudi Arabia	SAU	SENTINEL	2022	37	2022-09-11T21:00:00.000Z	309	299		4			6	10	5		33	38	48	251	1
EMR	Western Asia	Saudi Arabia	SAU	SENTINEL	2022	38	2022-09-18T21:00:00.000Z	250	231		2	1		3	6	3		19	22	28	203	1
EMR	Western Asia	Saudi Arabia	SAU	SENTINEL	2022	39	2022-09-25T21:00:00.000Z	335	291					6	6	16		21	37	43	248	1
EMR	Western Asia	Saudi Arabia	SAU	SENTINEL	2022	40	2022-10-02T21:00:00.000Z	373	351		2	1		8	11	12		25	37	48	303	1
EMR	Western Asia	Saudi Arabia	SAU	SENTINEL	2022	41	2022-10-09T21:00:00.000Z	511	473		9	1		9	19	18		59	77	96	377	1
EMR	Western Asia	Saudi Arabia	SAU	SENTINEL	2022	42	2022-10-16T21:00:00.000Z	561	505		11			10	21	30		51	81	102	403	1
EMR	Western Asia	Saudi Arabia	SAU	SENTINEL	2022	43	2022-10-23T21:00:00.000Z	656	613		18	2		17	37	43		66	109	146	467	1
EMR	Western Asia	Saudi Arabia	SAU	SENTINEL	2022	44	2022-10-30T21:00:00.000Z	626	571		23	2		27	52	33		62	95	147	424	1
EMR	Western Asia	Saudi Arabia	SAU	SENTINEL	2022	45	2022-11-06T21:00:00.000Z	656	591		27	3		26	56	21		64	85	141	450	1
EMR	Western Asia	Saudi Arabia	SAU	SENTINEL	2022	46	2022-11-13T21:00:00.000Z	618	571		16			30	46	20		49	69	115	456	1
EMR	Western Asia	Saudi Arabia	SAU	SENTINEL	2022	47	2022-11-20T21:00:00.000Z	514	445		11	1		14	26	9		33	42	68	377	1
EMR	Western Asia	Saudi Arabia	SAU	SENTINEL	2022	48	2022-11-27T21:00:00.000Z	517	445		10			9	19	12		27	39	58	387	1
EMR	Western Asia	Saudi Arabia	SAU	SENTINEL	2022	49	2022-12-04T21:00:00.000Z	612	520		13	1		17	31	7		33	40	71	449	1
EMR	Western Asia	Saudi Arabia	SAU	SENTINEL	2022	50	2022-12-11T21:00:00.000Z	502	371		6			9	15	3		23	26	41	330	1
EMR	Western Asia	Saudi Arabia	SAU	SENTINEL	2022	51	2022-12-18T21:00:00.000Z	504	408		10			17	27	3		18	21	48	360	1
EMR	Western Asia	Saudi Arabia	SAU	SENTINEL	2022	52	2022-12-25T21:00:00.000Z	461	379		2	1		16	19	3		21	24	43	336	1
EMR	Western Asia	Saudi Arabia	SAU	SENTINEL	2023	1	2023-01-01T21:00:00.000Z	603	537		11			27	38			29	29	67	470	1
EMR	Western Asia	Saudi Arabia	SAU	SENTINEL	2023	2	2023-01-08T21:00:00.000Z	579	435					26	26			18	18	44	391	1
EMR	Western Asia	Saudi Arabia	SAU	SENTINEL	2023	3	2023-01-15T21:00:00.000Z	560	525		12			34	46	2		34	36	82	444	1
EMR	Western Asia	Saudi Arabia	SAU	SENTINEL	2023	4	2023-01-22T21:00:00.000Z	683	670		7	2		30	39	1		29	30	69	601	1
EMR	Western Asia	Saudi Arabia	SAU	SENTINEL	2023	5	2023-01-29T21:00:00.000Z	454	440		11	2		18	31			18	18	49	391	1
EMR	Western Asia	Saudi Arabia	SAU	SENTINEL	2023	6	2023-02-05T21:00:00.000Z	815	794		17	1		40	58	2		38	40	98	696	1
EMR	Western Asia	Saudi Arabia	SAU	SENTINEL	2023	7	2023-02-12T21:00:00.000Z	831	797		14	1		43	58	2		31	33	91	707	1
EMR	Western Asia	Saudi Arabia	SAU	SENTINEL	2023	8	2023-02-19T21:00:00.000Z	628	609		12			41	53	1		27	28	81	528	1
EMR	Western Asia	Saudi Arabia	SAU	SENTINEL	2023	9	2023-02-26T21:00:00.000Z	720	696		15	4		30	49	2		19	21	70	626	1
EMR	Western Asia	Saudi Arabia	SAU	SENTINEL	2023	10	2023-03-05T21:00:00.000Z	677	622		24	3		21	48	2		17	19	67	556	1
EMR	Western Asia	Saudi Arabia	SAU	SENTINEL	2023	11	2023-03-12T21:00:00.000Z	713	669		12	2		27	41	2		25	27	68	601	1
EMR	Western Asia	Saudi Arabia	SAU	SENTINEL	2023	12	2023-03-19T21:00:00.000Z	663	593		13	1		9	23	2		14	16	39	554	1
EMR	Western Asia	Saudi Arabia	SAU	SENTINEL	2023	13	2023-03-26T21:00:00.000Z	551	501		8	3		13	24	1		11	12	36	465	1
EMR	Western Asia	Saudi Arabia	SAU	SENTINEL	2023	14	2023-04-02T21:00:00.000Z	655	584		5	3		11	19	1		14	15	34	550	1
EMR	Western Asia	Saudi Arabia	SAU	SENTINEL	2023	15	2023-04-09T21:00:00.000Z	548	498		10	1		6	17	2		5	7	24	474	1
EMR	Western Asia	Saudi Arabia	SAU	SENTINEL	2023	16	2023-04-16T21:00:00.000Z	218	206		4	2		12	18			9	9	27	179	1
EMR	Western Asia	Saudi Arabia	SAU	SENTINEL	2023	17	2023-04-23T21:00:00.000Z	427	402		12	1		13	26	1		5	6	32	370	1
EMR	Western Asia	Saudi Arabia	SAU	SENTINEL	2023	18	2023-04-30T21:00:00.000Z	777	724		16	3		21	40	1		5	6	46	679	1
EMR	Western Asia	Saudi Arabia	SAU	SENTINEL	2023	19	2023-05-07T21:00:00.000Z	694	659		16	7		17	40	7		17	24	64	595	1
EMR	Western Asia	Saudi Arabia	SAU	SENTINEL	2023	20	2023-05-14T21:00:00.000Z	661	614		18	3		18	39	1		26	27	66	548	1
EMR	Western Asia	Saudi Arabia	SAU	SENTINEL	2023	21	2023-05-21T21:00:00.000Z	737	689		15	8		13	36	8		11	19	55	634	1
EMR	Western Asia	Saudi Arabia	SAU	SENTINEL	2023	22	2023-05-28T21:00:00.000Z	635	598		14	5		12	31			11	11	42	556	1
EMR	Western Asia	Saudi Arabia	SAU	SENTINEL	2023	23	2023-06-04T21:00:00.000Z	626	597		17	12		9	38	3		10	13	51	546	1
EMR	Western Asia	Saudi Arabia	SAU	SENTINEL	2023	24	2023-06-11T21:00:00.000Z	598	577		21	3		12	36	4		20	24	60	518	1
EMR	Western Asia	Saudi Arabia	SAU	SENTINEL	2023	25	2023-06-18T21:00:00.000Z	643	626		16	2		18	36	1		21	22	58	568	1
EMR	Western Asia	Saudi Arabia	SAU	SENTINEL	2023	26	2023-06-25T21:00:00.000Z	459	456		3	4		39	46			2	2	48	408	1
EMR	Western Asia	Saudi Arabia	SAU	SENTINEL	2023	27	2023-07-02T21:00:00.000Z	659	651		11	4		42	57	3		14	17	74	577	1
EMR	Western Asia	Saudi Arabia	SAU	SENTINEL	2023	28	2023-07-09T21:00:00.000Z	693	674		10	6		27	43	1		11	12	55	619	1
EMR	Western Asia	Saudi Arabia	SAU	SENTINEL	2023	29	2023-07-16T21:00:00.000Z	650	635		8	6		24	38			9	9	47	589	1
EMR	Western Asia	Saudi Arabia	SAU	SENTINEL	2023	30	2023-07-23T21:00:00.000Z	609	593		5	7		16	28			8	8	36	557	1
EMR	Western Asia	Saudi Arabia	SAU	SENTINEL	2023	31	2023-07-30T21:00:00.000Z	594	588		8	5		20	33			10	10	43	545	1
EMR	Western Asia	Saudi Arabia	SAU	SENTINEL	2023	32	2023-08-06T21:00:00.000Z	648	635					17	17			13	13	30	605	1
EMR	Western Asia	Saudi Arabia	SAU	SENTINEL	2023	33	2023-08-13T21:00:00.000Z	797	785		2	8		33	43	3		19	22	65	720	1
EMR	Western Asia	Saudi Arabia	SAU	SENTINEL	2023	34	2023-08-20T21:00:00.000Z	856	815		8	18		22	48	3		8	11	59	756	1
EMR	Western Asia	Saudi Arabia	SAU	SENTINEL	2023	35	2023-08-27T21:00:00.000Z	874	844		10	11		34	55	1		20	21	76	768	1
EMR	Western Asia	Saudi Arabia	SAU	SENTINEL	2023	36	2023-09-03T21:00:00.000Z	1013	994		15	15		39	69			22	22	91	903	1
EMR	Western Asia	Saudi Arabia	SAU	SENTINEL	2023	37	2023-09-10T21:00:00.000Z	976	965		20	22		37	79	4		17	21	100	865	1
EMR	Western Asia	Saudi Arabia	SAU	SENTINEL	2023	38	2023-09-17T21:00:00.000Z	1091	1071		33	30		51	114	6		38	44	158	913	1
EMR	Western Asia	Saudi Arabia	SAU	SENTINEL	2023	39	2023-09-24T21:00:00.000Z	1061	1042		48	51		42	141	4		26	30	171	871	1
EMR	Western Asia	Saudi Arabia	SAU	SENTINEL	2023	40	2023-10-01T21:00:00.000Z	1221	1198		74	80		74	228	4		34	38	266	932	1
EMR	Western Asia	Saudi Arabia	SAU	SENTINEL	2023	41	2023-10-08T21:00:00.000Z	1295	1267		88	93		133	314	6		36	42	356	911	1
EMR	Western Asia	Saudi Arabia	SAU	SENTINEL	2023	42	2023-10-15T21:00:00.000Z	1218	1197		102	114		112	328	17		27	44	372	825	1
EMR	Western Asia	Saudi Arabia	SAU	SENTINEL	2023	43	2023-10-22T21:00:00.000Z	1244	1230		117	129		115	361	14		36	50	411	819	1
EMR	Western Asia	Saudi Arabia	SAU	SENTINEL	2023	44	2023-10-29T21:00:00.000Z	1390	1373		105	110		124	339	24		60	84	423	950	1
EMR	Western Asia	Saudi Arabia	SAU	SENTINEL	2023	45	2023-11-05T21:00:00.000Z	1246	1215		52	46		92	190	16		24	40	230	985	1
EMR	Western Asia	Saudi Arabia	SAU	SENTINEL	2023	46	2023-11-12T21:00:00.000Z	1161	1147		25	50		68	143	16		41	57	200	947	1
EMR	Western Asia	Saudi Arabia	SAU	SENTINEL	2023	47	2023-11-19T21:00:00.000Z	1166	1152		31	46		59	136	19		32	51	187	965	1
EMR	Western Asia	Saudi Arabia	SAU	SENTINEL	2023	48	2023-11-26T21:00:00.000Z	1181	1161		26	37		66	129	18		24	42	171	990	1
EMR	Western Asia	Saudi Arabia	SAU	SENTINEL	2023	49	2023-12-03T21:00:00.000Z	1254	1238		36	18		45	99	15		23	38	137	1101	1
EMR	Western Asia	Saudi Arabia	SAU	SENTINEL	2023	50	2023-12-10T21:00:00.000Z	1322	1305		27	28		29	84	19		22	41	125	1181	1
EMR	Western Asia	Saudi Arabia	SAU	SENTINEL	2023	51	2023-12-17T21:00:00.000Z	1285	1267		11	25		42	78	23		32	55	133	1134	1
EMR	Western Asia	Saudi Arabia	SAU	SENTINEL	2023	52	2023-12-24T21:00:00.000Z	1307	1280		23	31		41	95	21		17	38	133	1147	1
EMR	Western Asia	Saudi Arabia	SAU	SENTINEL	2024	1	2023-12-31T21:00:00.000Z	1251	1226		17	21		49	87	24		20	44	131	1095	1
EMR	Western Asia	Saudi Arabia	SAU	SENTINEL	2024	2	2024-01-07T21:00:00.000Z	1008	986		15	19		17	51	8		14	22	73	913	1
EMR	Western Asia	Saudi Arabia	SAU	SENTINEL	2024	3	2024-01-14T21:00:00.000Z	1061	972		12	27		5	44	10		15	25	69	903	1
EMR	Western Asia	Saudi Arabia	SAU	SENTINEL	2024	4	2024-01-21T21:00:00.000Z	931	907		19	10		11	40	6		12	18	58	849	1
EMR	Western Asia	Saudi Arabia	SAU	SENTINEL	2024	5	2024-01-28T21:00:00.000Z	1024	952		18	16		14	48	11		13	24	72	885	1
EMR	Western Asia	Saudi Arabia	SAU	SENTINEL	2024	6	2024-02-04T21:00:00.000Z	1009	954		18	22		22	62	12		17	29	91	865	1
EMR	Western Asia	Saudi Arabia	SAU	SENTINEL	2024	7	2024-02-11T21:00:00.000Z	906	876		11	20		33	64	6		17	23	87	789	1
EMR	Western Asia	Saudi Arabia	SAU	SENTINEL	2024	8	2024-02-18T21:00:00.000Z	862	802		5	4		26	35	10		11	21	56	746	1
EMR	Western Asia	Saudi Arabia	SAU	SENTINEL	2024	9	2024-02-25T21:00:00.000Z	834	799		6	14		22	42	6		21	27	69	730	1
EMR	Western Asia	Saudi Arabia	SAU	SENTINEL	2024	10	2024-03-03T21:00:00.000Z	803	768		5	6		8	19	8		13	21	40	728	1
EMR	Western Asia	Saudi Arabia	SAU	SENTINEL	2024	11	2024-03-10T21:00:00.000Z	812	763		24	8		8	40	4		16	20	60	703	1
EMR	Western Asia	Saudi Arabia	SAU	SENTINEL	2024	12	2024-03-17T21:00:00.000Z	878	856		18	5		6	29	9		11	20	49	807	1
EMR	Western Asia	Saudi Arabia	SAU	SENTINEL	2024	13	2024-03-24T21:00:00.000Z	799	743		4	1		7	12	5		12	17	29	714	1
EMR	Western Asia	Saudi Arabia	SAU	SENTINEL	2024	14	2024-03-31T21:00:00.000Z	823	788		18	6		1	25	8		13	21	46	742	1
EMR	Western Asia	Saudi Arabia	SAU	SENTINEL	2024	15	2024-04-07T21:00:00.000Z	363	338		5	1		1	7	4		5	9	16	322	1
EMR	Western Asia	Saudi Arabia	SAU	SENTINEL	2024	16	2024-04-14T21:00:00.000Z	998	895		17	7		16	40	2		11	13	53	842	1
EMR	Western Asia	Saudi Arabia	SAU	SENTINEL	2024	17	2024-04-21T21:00:00.000Z	954	919		10	1		10	21	5		12	17	38	881	1
EMR	Western Asia	Saudi Arabia	SAU	SENTINEL	2024	18	2024-04-28T21:00:00.000Z	929	878		1			8	9	4		14	18	27	851	1
EMR	Western Asia	Saudi Arabia	SAU	SENTINEL	2024	19	2024-05-05T21:00:00.000Z	996	885		3	7		12	22	4		13	17	39	846	1
EMR	Western Asia	Saudi Arabia	SAU	SENTINEL	2024	20	2024-05-12T21:00:00.000Z	968	916		3	5		7	15	4		15	19	34	882	1
EMR	Western Asia	Saudi Arabia	SAU	SENTINEL	2024	21	2024-05-19T21:00:00.000Z	985	898		1			3	4	7		16	23	27	871	1
EMR	Western Asia	Saudi Arabia	SAU	SENTINEL	2024	22	2024-05-26T21:00:00.000Z	964	762		1			1	2	5		6	11	13	749	1
EMR	Western Asia	Saudi Arabia	SAU	SENTINEL	2024	23	2024-06-02T21:00:00.000Z	897	736		3	1		2	6	3		5	8	14	722	1
EMR	Western Asia	Saudi Arabia	SAU	SENTINEL	2024	24	2024-06-09T21:00:00.000Z	706	583		1	1		3	5	2		7	9	14	569	1
EMR	Western Asia	Saudi Arabia	SAU	SENTINEL	2024	25	2024-06-16T21:00:00.000Z	599	505		2	1		5	8	1		6	7	15	490	1
EMR	Western Asia	Saudi Arabia	SAU	SENTINEL	2024	26	2024-06-23T21:00:00.000Z	907	794		1	3		7	11	7		5	12	23	771	1
EMR	Western Asia	Saudi Arabia	SAU	SENTINEL	2024	27	2024-06-30T21:00:00.000Z	952	842		9	6		3	18	10		7	17	35	807	1
EMR	Western Asia	Saudi Arabia	SAU	SENTINEL	2024	28	2024-07-07T21:00:00.000Z	893	816		5	12		7	24	4		6	10	34	782	1
EMR	Western Asia	Saudi Arabia	SAU	SENTINEL	2024	29	2024-07-14T21:00:00.000Z	940	798		2	9		6	17	2		2	4	21	777	1
EMR	Western Asia	Saudi Arabia	SAU	SENTINEL	2024	30	2024-07-21T21:00:00.000Z	889	804		4	6		6	16	2			2	18	786	1
EMR	Western Asia	Saudi Arabia	SAU	SENTINEL	2024	31	2024-07-28T21:00:00.000Z	933	878		4	2		6	12	4		8	12	24	854	1
EMR	Western Asia	Saudi Arabia	SAU	SENTINEL	2024	32	2024-08-04T21:00:00.000Z	956	918		2	3		3	8	1		11	12	20	898	1
EMR	Western Asia	Saudi Arabia	SAU	SENTINEL	2024	33	2024-08-11T21:00:00.000Z	959	897		9	2		5	16			7	7	23	874	1
EMR	Western Asia	Saudi Arabia	SAU	SENTINEL	2024	34	2024-08-18T21:00:00.000Z	1012	979		8	4		6	18	1		8	9	27	952	1
EMR	Western Asia	Saudi Arabia	SAU	SENTINEL	2024	35	2024-08-25T21:00:00.000Z	1052	997		7			6	13	1		7	8	21	976	1
EMR	Western Asia	Saudi Arabia	SAU	SENTINEL	2024	36	2024-09-01T21:00:00.000Z	1089	1020		10	2		6	18	2		11	13	31	989	1
EMR	Western Asia	Saudi Arabia	SAU	SENTINEL	2024	37	2024-09-08T21:00:00.000Z	1083	884		11	1		7	19			9	9	28	856	1
EMR	Western Asia	Saudi Arabia	SAU	SENTINEL	2024	38	2024-09-15T21:00:00.000Z	1007	880		15			10	25	1		8	9	34	846	1
EMR	Western Asia	Saudi Arabia	SAU	SENTINEL	2024	39	2024-09-22T21:00:00.000Z	972	930		23			8	31			7	7	38	892	1
EMR	Western Asia	Saudi Arabia	SAU	SENTINEL	2024	40	2024-09-29T21:00:00.000Z	1208	1104		32	1		10	43			7	7	50	1054	1
EMR	Western Asia	Saudi Arabia	SAU	SENTINEL	2024	41	2024-10-06T21:00:00.000Z	1188	1115		47	4		9	60	4		5	9	69	1046	1
EMR	Western Asia	Saudi Arabia	SAU	SENTINEL	2024	42	2024-10-13T21:00:00.000Z	1226	1068		74	4		11	89	3		8	11	100	968	1
EMR	Western Asia	Saudi Arabia	SAU	SENTINEL	2024	43	2024-10-20T21:00:00.000Z	1227	1171		84	3		18	105	10		13	23	128	1043	1
EMR	Western Asia	Saudi Arabia	SAU	SENTINEL	2024	44	2024-10-27T21:00:00.000Z	1136	1069		84	2		17	103	4		11	15	118	951	1
EMR	Western Asia	Saudi Arabia	SAU	SENTINEL	2024	45	2024-11-03T21:00:00.000Z	1248	1033		73	2		19	94	1		17	18	112	921	1
EMR	Western Asia	Saudi Arabia	SAU	SENTINEL	2024	46	2024-11-10T21:00:00.000Z	1195	1082		58	8		25	91	15		15	30	121	961	1
EMR	Western Asia	Saudi Arabia	SAU	SENTINEL	2024	47	2024-11-17T21:00:00.000Z	1157	1112		67	6		23	96	9		13	22	118	994	1
EMR	Western Asia	Saudi Arabia	SAU	SENTINEL	2024	48	2024-11-24T21:00:00.000Z	1223	1075		42	5		33	80	3		10	13	93	982	1
EMR	Western Asia	Saudi Arabia	SAU	SENTINEL	2024	49	2024-12-01T21:00:00.000Z	1314	1180		45	1		35	81			20	20	101	1079	1
EMR	Western Asia	Saudi Arabia	SAU	SENTINEL	2024	50	2024-12-08T21:00:00.000Z	1356	1228		71	5		37	113	8		19	27	140	1088	1
EMR	Western Asia	Saudi Arabia	SAU	SENTINEL	2024	51	2024-12-15T21:00:00.000Z	1399	1327		66	17		57	140	15		22	37	177	1150	1
EMR	Western Asia	Saudi Arabia	SAU	SENTINEL	2024	52	2024-12-22T21:00:00.000Z	1308	1230		56	29		56	141	22		31	53	194	1036	1
EMR	Western Asia	Saudi Arabia	SAU	SENTINEL	2025	1	2024-12-29T21:00:00.000Z	1183	1127		59	27		31	117	17		26	43	160	967	1
EMR	Western Asia	Saudi Arabia	SAU	SENTINEL	2025	2	2025-01-05T21:00:00.000Z	1298	1253		92	62		53	207	51		18	69	276	977	1
EMR	Western Asia	Saudi Arabia	SAU	SENTINEL	2025	3	2025-01-12T21:00:00.000Z	1271	1229		85	18		94	197	41		40	81	278	951	1
EMR	Western Asia	Saudi Arabia	SAU	SENTINEL	2025	4	2025-01-19T21:00:00.000Z	1251	1215		67			127	194			93	93	287	928	1
EMR	Western Asia	Saudi Arabia	SAU	SENTINEL	2025	5	2025-01-26T21:00:00.000Z	1210	1065		66	2		139	207	25		100	125	332	733	1
EMR	Western Asia	Saudi Arabia	SAU	SENTINEL	2025	6	2025-02-02T21:00:00.000Z	1141	1088		51	1		114	166	1		113	114	280	808	1
EMR	Western Asia	Saudi Arabia	SAU	SENTINEL	2025	7	2025-02-09T21:00:00.000Z	1183	1063		17	1		110	128			88	88	216	847	1
EMR	Western Asia	Saudi Arabia	SAU	SENTINEL	2025	8	2025-02-16T21:00:00.000Z	1075	1044		10	3		100	113			68	68	181	863	1
EMR	Western Asia	Saudi Arabia	SAU	SENTINEL	2025	9	2025-02-23T21:00:00.000Z	955	884		10	3		22	35			40	40	75	809	1
EMR	Western Asia	Saudi Arabia	SAU	SENTINEL	2025	10	2025-03-02T21:00:00.000Z	860	793		6			16	22			32	32	54	739	1
EMR	Western Asia	Saudi Arabia	SAU	SENTINEL	2025	11	2025-03-09T21:00:00.000Z	893	840		6	1		20	27			43	43	70	770	1
EMR	Western Asia	Saudi Arabia	SAU	SENTINEL	2025	12	2025-03-16T21:00:00.000Z	818	765		12			8	20			22	22	42	723	1
EMR	Western Asia	Saudi Arabia	SAU	SENTINEL	2025	13	2025-03-23T21:00:00.000Z	592	576		9			7	16			5	5	21	555	1
EMR	Western Asia	Saudi Arabia	SAU	SENTINEL	2025	14	2025-03-30T21:00:00.000Z	455	439		1			11	12			10	10	22	417	1
EMR	Western Asia	Saudi Arabia	SAU	SENTINEL	2025	15	2025-04-06T21:00:00.000Z	840	752		2	1		11	14			12	12	26	726	1
EMR	Western Asia	Saudi Arabia	SAU	SENTINEL	2025	16	2025-04-13T21:00:00.000Z	859	767		6	1		16	23			14	14	37	730	1
EMR	Western Asia	Saudi Arabia	SAU	SENTINEL	2025	17	2025-04-20T21:00:00.000Z	849	768		12			11	23			23	23	46	722	1
EMR	Western Asia	Saudi Arabia	SAU	SENTINEL	2025	18	2025-04-27T21:00:00.000Z	777	722		5			11	16			26	26	42	680	1
EMR	Western Asia	Saudi Arabia	SAU	SENTINEL	2025	19	2025-05-04T21:00:00.000Z	871	818		16	2		11	29			35	35	64	754	1
EMR	Western Asia	Saudi Arabia	SAU	SENTINEL	2025	20	2025-05-11T21:00:00.000Z	782	736		3			6	9			7	7	16	720	1
EMR	Western Asia	Saudi Arabia	SAU	SENTINEL	2025	21	2025-05-18T21:00:00.000Z	701	513		3	1		9	13			26	26	39	474	1
EMR	Western Asia	Saudi Arabia	SAU	SENTINEL	2025	22	2025-05-25T21:00:00.000Z	698	576		4			3	7			13	13	20	556	1
EMR	Western Asia	Saudi Arabia	SAU	SENTINEL	2025	23	2025-06-01T21:00:00.000Z	397	357		4			1	5			6	6	11	346	1
EMR	Western Asia	Saudi Arabia	SAU	SENTINEL	2025	24	2025-06-08T21:00:00.000Z	401	349		3			5	8			13	13	21	328	1
EMR	Western Asia	Saudi Arabia	SAU	SENTINEL	2025	25	2025-06-15T21:00:00.000Z	708	563		2			5	7			6	6	13	550	1
EMR	Western Asia	Saudi Arabia	SAU	SENTINEL	2025	26	2025-06-22T21:00:00.000Z	673	556					10	10			8	8	18	538	1
EMR	Western Asia	Saudi Arabia	SAU	SENTINEL	2025	27	2025-06-29T21:00:00.000Z	664	593			1		4	5	5		5	10	15	578	1
EMR	Western Asia	Saudi Arabia	SAU	SENTINEL	2025	28	2025-07-06T21:00:00.000Z	763	695		3	1		7	11	3		6	9	20	675	1
EMR	Western Asia	Saudi Arabia	SAU	SENTINEL	2025	29	2025-07-13T21:00:00.000Z	818	758		4			16	20	3		7	10	30	728	1
EMR	Western Asia	Saudi Arabia	SAU	SENTINEL	2025	30	2025-07-20T21:00:00.000Z	771	709		3	3		3	9			4	4	13	696	1
EMR	Western Asia	Saudi Arabia	SAU	SENTINEL	2025	31	2025-07-27T21:00:00.000Z	706	686		3	3		7	13	4			4	17	669	1
EMR	Western Asia	Saudi Arabia	SAU	SENTINEL	2025	32	2025-08-03T21:00:00.000Z	647	622		4	4		3	11	2		3	5	16	606	1
EMR	Western Asia	Saudi Arabia	SAU	SENTINEL	2025	33	2025-08-10T21:00:00.000Z	677	657		3	7		1	11	2		2	4	15	642	1
EMR	Western Asia	Saudi Arabia	SAU	SENTINEL	2025	34	2025-08-17T21:00:00.000Z	713	694		12	5		4	21					21	673	1
EMR	Western Asia	Saudi Arabia	SAU	SENTINEL	2025	35	2025-08-24T21:00:00.000Z	699	684		6	10			16	1			1	17	667	1
EMR	Western Asia	Saudi Arabia	SAU	SENTINEL	2025	36	2025-08-31T21:00:00.000Z	773	761		4	11			15	5			5	20	741	1
EMR	Western Asia	Saudi Arabia	SAU	SENTINEL	2025	37	2025-09-07T21:00:00.000Z	813	791		2	13		7	22	3		3	6	28	763	1
EMR	Western Asia	Saudi Arabia	SAU	SENTINEL	2025	38	2025-09-14T21:00:00.000Z	737	724		6	16		14	36	4		1	5	41	683	1
EMR	Western Asia	Saudi Arabia	SAU	SENTINEL	2025	39	2025-09-21T21:00:00.000Z	776	753		5	24		24	53	1		4	5	58	695	1
EMR	Western Asia	Saudi Arabia	SAU	SENTINEL	2025	40	2025-09-28T21:00:00.000Z	843	819		9	25		58	92	4		8	12	104	715	1
EMR	Western Asia	Saudi Arabia	SAU	SENTINEL	2025	41	2025-10-05T21:00:00.000Z	891	882		23	153		7	183	10		5	15	198	684	1
EMR	Western Asia	Saudi Arabia	SAU	SENTINEL	2025	42	2025-10-12T21:00:00.000Z	1006	981		38	217		15	270	8		2	10	280	701	1
EMR	Western Asia	Saudi Arabia	SAU	SENTINEL	2025	43	2025-10-19T21:00:00.000Z	1092	1053		38	238		46	322	12		4	16	338	715	1
EMR	Western Asia	Saudi Arabia	SAU	SENTINEL	2025	44	2025-10-26T21:00:00.000Z	1230	1213		41	335		48	424	18		4	22	446	767	1
EMR	Western Asia	Saudi Arabia	SAU	SENTINEL	2025	45	2025-11-02T21:00:00.000Z	1126	1102		23	290		59	372	23		9	32	404	698	1
EMR	Western Asia	Saudi Arabia	SAU	SENTINEL	2025	46	2025-11-09T21:00:00.000Z	1208	1195		46	299		56	401	25		4	29	430	765	1
EMR	Western Asia	Saudi Arabia	SAU	SENTINEL	2025	47	2025-11-16T21:00:00.000Z	1101	1085		24	164		42	230	24		1	25	255	830	1
EMR	Western Asia	Saudi Arabia	SAU	SENTINEL	2025	48	2025-11-23T21:00:00.000Z	930	899		14	100		14	128	18			18	146	753	1
EMR	Western Asia	Saudi Arabia	SAU	SENTINEL	2025	49	2025-11-30T21:00:00.000Z	957	926		11	71		27	109	20		2	22	131	795	1
EMR	Western Asia	Saudi Arabia	SAU	SENTINEL	2025	50	2025-12-07T21:00:00.000Z	975	959		20	35		11	66	29		3	32	98	861	1
EMR	Western Asia	Saudi Arabia	SAU	SENTINEL	2025	51	2025-12-14T21:00:00.000Z	814	798		12	23		5	40	17		1	18	58	740	1
EMR	Western Asia	Saudi Arabia	SAU	SENTINEL	2025	52	2025-12-21T21:00:00.000Z	849	817		3	18		3	24	18		1	19	43	774	1
EMR	Western Asia	Saudi Arabia	SAU	SENTINEL	2026	1	2025-12-28T21:00:00.000Z	791	769		5	4		2	11	14		1	15	26	743	1
EMR	Western Asia	Saudi Arabia	SAU	SENTINEL	2026	2	2026-01-04T21:00:00.000Z	773	747		15	11		2	28	10		2	12	40	707	1
EMR	Western Asia	Saudi Arabia	SAU	SENTINEL	2026	3	2026-01-11T21:00:00.000Z	780	754		9	4		1	14	13		1	14	28	726	1
EMR	Western Asia	Saudi Arabia	SAU	SENTINEL	2026	4	2026-01-18T21:00:00.000Z	756	716		9	3		8	20	5		2	7	27	689	1
EMR	Western Asia	Saudi Arabia	SAU	SENTINEL	2026	5	2026-01-25T21:00:00.000Z	906	871		8	3		4	15	11			11	26	845	1
EMR	Western Asia	Saudi Arabia	SAU	SENTINEL	2026	6	2026-02-01T21:00:00.000Z	785	758		9	4		6	19	19		1	20	39	719	1
EMR	Western Asia	Saudi Arabia	SAU	SENTINEL	2026	7	2026-02-08T21:00:00.000Z	788	776		8	2			10	19		1	20	30	746	1
EMR	Western Asia	Saudi Arabia	SAU	SENTINEL	2026	8	2026-02-15T21:00:00.000Z	674	644		6	2		1	9	12		3	15	24	620	1
EMR	Western Asia	Saudi Arabia	SAU	SENTINEL	2026	9	2026-02-22T21:00:00.000Z	704	669		13			1	14	12		4	16	30	639	1
EMR	Western Asia	Saudi Arabia	SAU	SENTINEL	2026	10	2026-03-01T21:00:00.000Z	656	633		4	3			7	10			10	17	616	1
EMR	Western Asia	Saudi Arabia	SAU	SENTINEL	2026	11	2026-03-08T21:00:00.000Z	474	467		9				9	8			8	17	450	1
EMR	Western Asia	Saudi Arabia	SAU	SENTINEL	2026	12	2026-03-15T21:00:00.000Z	537	524		1			3	4	2		6	8	12	512	1

